country,lat,long,color,date,gender
Indonesia,-7.3531,108.1217,#36cc85,5/21/2017,Male
China,31.1304,97.17982,#bb16eb,11/3/2016,Female
Argentina,-32.94424,-62.23028,#d26a7b,2/15/2017,Female
Venezuela,9.74569,-63.18323,#db3d24,4/13/2017,Male
Sweden,60.6745,17.1417,#e8b5dc,6/16/2016,Male
Lithuania,56.05,21.81667,#456039,1/22/2017,Female
Ukraine,48.5158,33.17329,#00b8c1,4/12/2017,Male
China,25.27031,116.85473,#da269e,9/19/2016,Male
China,47.10271,130.6647,#1d0a9c,1/23/2017,Male
China,39.09574,117.22289,#ee137b,2/11/2017,Female
Russia,56.32867,44.00205,#44a27f,2/28/2017,Female
Russia,51.63069,35.2775,#c8d311,8/19/2016,Male
Indonesia,-6.6964,111.2358,#9a9bd7,9/21/2016,Male
China,41.54944,113.53389,#ccd2b8,10/5/2016,Male
United States,40.0018,-75.1179,#695211,6/27/2016,Male
Ireland,52.44639,-9.485,#a63920,7/27/2016,Male
Philippines,12.982,123.6492,#237f67,9/27/2016,Female
Indonesia,-7.2693,108.314,#4a0a9e,4/29/2017,Male
Portugal,40.9917,-7.9,#961218,1/29/2017,Male
Ukraine,50.34071,30.42356,#67b71d,12/9/2016,Male
Philippines,9.9616,124.0252,#f6dbd9,11/3/2016,Female
Morocco,35.23619,-3.95453,#9e3428,10/6/2016,Female
Martinique,14.608,-61.0093,#04c92a,1/10/2017,Female
United States,30.5159,-91.0804,#084f4f,7/17/2016,Female
Russia,66.65722,66.41833,#60cb9a,1/1/2017,Male
Nigeria,7.1127,5.1159,#08a93f,1/2/2017,Female
Mongolia,45.56667,95.86667,#b91aec,5/7/2017,Male
Portugal,39.1333,-7.5833,#b3866e,5/6/2017,Male
Malaysia,5.9765,116.1158,#d0d5aa,11/4/2016,Female
Russia,52.65599,41.88461,#1cc87f,5/26/2017,Male
Macedonia,42.14167,21.69639,#a8dbcd,7/10/2016,Male
Portugal,39.9,-8.5833,#b5c47c,1/13/2017,Male
France,48.8709,2.3561,#944b6f,11/2/2016,Male
Peru,-6.76667,-78.61667,#a5eaaa,10/26/2016,Female
Japan,36.31865,138.2733,#b5a1da,11/18/2016,Male
Poland,52.22096,20.98526,#907363,1/6/2017,Female
Portugal,41.3667,-8.4833,#f9a956,5/28/2017,Male
Greece,40.43492,21.90609,#44f58e,7/17/2016,Male
Yemen,13.6444,44.85097,#6f2fc0,9/28/2016,Female
Indonesia,-6.7001,105.6493,#1bf8d4,11/28/2016,Male
Philippines,15.22127,120.95326,#0d19e7,11/7/2016,Female
Norway,59.8333,10.4372,#b01ca5,5/17/2017,Female
Denmark,55.6759,12.5655,#4b3097,10/4/2016,Male
Liberia,5.01111,-9.03889,#9d8ab4,5/19/2017,Male
Colombia,10.89686,-74.886,#6c4a2f,4/21/2017,Male
Palestinian Territory,31.57551,35.01223,#316cba,6/29/2016,Male
Philippines,14.1627,121.6396,#1cc9b4,8/22/2016,Female
Azerbaijan,40.76395,47.05953,#8e6f48,2/25/2017,Female
Russia,56.18045,42.03987,#f94283,3/17/2017,Female
China,32.20076,79.18447,#9f2841,4/1/2017,Male
Indonesia,-7.57972,109.16611,#ad965a,6/29/2016,Male
Benin,9.94009,3.21075,#c706d2,2/10/2017,Female
China,39.19009,117.1978,#9c05ad,9/2/2016,Female
Indonesia,-5.9813,106.0193,#67e4aa,5/23/2017,Male
China,35.00699,109.58611,#a0aaa3,11/6/2016,Female
Vietnam,10.65993,107.77206,#b11acb,7/27/2016,Male
Costa Rica,10.00236,-84.11651,#d6ad64,1/9/2017,Male
Russia,52.747,87.7545,#fbf992,8/24/2016,Male
Vietnam,20.45,106.34002,#20cd7f,8/2/2016,Female
Brazil,-22.47639,-46.63278,#274104,1/9/2017,Male
Brazil,-27.40167,-51.225,#173875,11/3/2016,Female
Indonesia,-8.0827,113.8269,#96257a,12/2/2016,Female
Mongolia,47.55717,106.96333,#ba6801,5/11/2017,Female
Pakistan,34.57173,73.89724,#5b5610,6/26/2016,Male
Uganda,1.40096,34.45038,#126f00,9/1/2016,Male
Russia,42.71071,130.78126,#e14407,11/27/2016,Female
Russia,53.27869,35.69055,#edbadc,4/13/2017,Male
Portugal,41.2162,-8.5172,#056f87,6/11/2016,Male
Russia,52.81165,37.24215,#26ad73,11/28/2016,Male
Philippines,6.89814,126.00961,#e8a289,8/3/2016,Male
China,39.1979,112.48882,#ed68e8,12/8/2016,Female
Indonesia,-8.2025,111.4181,#3cc729,11/6/2016,Female
China,28.61385,109.93253,#cd2fa0,10/26/2016,Female
China,37.90111,116.74111,#08ab8b,5/13/2017,Male
China,18.43324,110.06692,#0b41b7,2/22/2017,Female
South Africa,-32.57076,27.42396,#07b15e,10/4/2016,Female
United States,29.834,-95.4342,#11ea99,8/20/2016,Male
China,30.71394,114.3494,#570407,1/9/2017,Male
Brazil,-1.68222,-50.48028,#b3238e,12/6/2016,Female
China,47.26775,125.03022,#8febe8,11/19/2016,Female
Bosnia and Herzegovina,43.77139,17.02833,#013d8f,9/12/2016,Female
Brazil,-16.44972,-39.06472,#2f49b8,4/8/2017,Male
Finland,64.25,23.95,#e613b2,1/29/2017,Female
China,34.70388,116.58717,#4900d8,7/25/2016,Male
France,50.633,3.0586,#02ab6d,5/25/2017,Female
Philippines,13.955,122.4678,#087071,4/6/2017,Female
Uruguay,-33.23333,-54.38333,#8aa6cd,10/8/2016,Male
Vanuatu,-16.09992,167.41636,#0000e4,5/20/2017,Male
China,29.65865,118.52469,#42a429,7/10/2016,Female
Brazil,-9.47833,-35.85333,#54a6ff,4/28/2017,Female
China,30.48657,119.1585,#a1a97d,5/22/2017,Male
Philippines,16.53389,120.39667,#be5c8c,2/18/2017,Female
China,30.37861,108.0016,#4355de,10/17/2016,Female
Indonesia,-8.45,115.61667,#1a26a5,5/22/2017,Female
Nigeria,12.16278,6.66135,#62f04b,8/12/2016,Female
Philippines,13.1,123.71667,#8f7a3f,8/29/2016,Female
Russia,54.63345,21.81557,#cc5e3d,5/16/2017,Male
China,36.11609,101.19904,#1a702b,6/3/2017,Male
Indonesia,-6.9562,111.907,#43e9f5,12/5/2016,Female
Haiti,19.68925,-72.01422,#10418a,9/20/2016,Female
Philippines,7.68,125.005,#843daf,1/12/2017,Female
Brazil,-7.115,-34.86306,#45918e,5/1/2017,Male
China,32.99285,113.24706,#41ce7d,3/15/2017,Female
Indonesia,-3.1813,119.8839,#16edd0,5/3/2017,Female
Brazil,-22.88583,-48.445,#fde7cc,12/15/2016,Female
Indonesia,-7.4418,108.7818,#df4b0d,8/27/2016,Female
Poland,53.83734,16.43512,#c421aa,3/10/2017,Female
China,28.39085,115.29059,#d6d671,5/30/2017,Female
Germany,52.156,11.5789,#d2bb20,4/13/2017,Male
United States,34.0515,-118.2559,#3083d6,10/11/2016,Female
Bulgaria,42.02754,23.99155,#d9fad3,5/31/2017,Female
Albania,40.72667,19.75722,#3b6bbe,9/19/2016,Female
Portugal,41.482,-8.3558,#e43ff3,1/21/2017,Male
Finland,64.80798,25.99314,#887cc8,12/30/2016,Male
Indonesia,-2.0746,120.6851,#dc8fb5,11/5/2016,Male
Croatia,43.37551,16.63091,#1c9e9f,6/19/2016,Female
Cyprus,34.86114,33.59516,#7f4707,6/1/2017,Male
Thailand,8.90364,98.8845,#63e53f,7/16/2016,Male
Vietnam,19.97153,105.65106,#60197e,7/14/2016,Male
Burkina Faso,12.18972,-1.88556,#b11864,12/13/2016,Male
Indonesia,-6.896,113.313,#658fd3,12/31/2016,Female
Botswana,-20.86667,27.25,#09ee02,6/21/2016,Female
Russia,46.1276,38.9674,#233a8f,12/6/2016,Male
Indonesia,-7.0985,108.101,#2ad873,5/1/2017,Male
Indonesia,4.20737,98.01276,#99026d,5/11/2017,Male
China,41.27196,80.24085,#334ac1,9/28/2016,Female
China,45.39563,130.42768,#bc0f25,9/3/2016,Female
China,28.23269,115.40841,#00f831,5/27/2017,Male
France,43.5233,1.4065,#e0497d,11/22/2016,Male
Bosnia and Herzegovina,44.76547,19.28667,#bf6647,3/28/2017,Male
Canada,45.97927,-81.9248,#3e0d5d,10/21/2016,Male
Russia,54.11285,33.29648,#14be87,10/13/2016,Male
Indonesia,-7.0054,108.0109,#a5c6c3,5/8/2017,Male
Russia,61.749,30.66473,#96b127,6/5/2017,Female
Zambia,-14.37067,23.24196,#95f949,9/30/2016,Female
Mexico,16.9963,-100.0901,#69ec62,11/2/2016,Male
Tanzania,-1.76667,33.96667,#62a658,6/1/2017,Female
Russia,56.10514,43.51294,#f3236a,9/16/2016,Male
China,34.02833,108.58861,#0848b8,1/24/2017,Male
Kenya,0.67694,34.42167,#9751d7,8/6/2016,Male
Peru,-13.75861,-73.5275,#67fbc6,4/3/2017,Female
Indonesia,-8.4028,112.7145,#1564ad,8/30/2016,Male
Panama,8.31667,-81.21667,#59b793,12/25/2016,Female
United Kingdom,52.6944,1.6352,#158829,2/18/2017,Male
Honduras,15.26667,-87.6,#6bb93c,9/6/2016,Male
Indonesia,-0.61258,100.64788,#da6992,3/1/2017,Female
Brazil,-8.59083,-35.11611,#25f762,5/28/2017,Male
South Africa,-27.27888,28.49696,#6aecf9,8/12/2016,Female
Brazil,-22.52667,-43.73278,#368d5c,11/18/2016,Male
Philippines,9.8649,124.5215,#2d3d62,4/2/2017,Male
Russia,51.96056,85.91892,#3c71c9,9/19/2016,Female
Philippines,7.11444,124.59528,#05fdfe,1/8/2017,Female
Brazil,-25.22,-49.34778,#6e64f1,3/12/2017,Male
Tanzania,-1.25222,31.42028,#7a949a,2/26/2017,Female
Iran,36.20898,49.19152,#967258,4/29/2017,Female
Bulgaria,43.33333,27.6,#45afe2,1/23/2017,Female
Canada,49.68351,-83.66654,#8d55cd,12/31/2016,Female
Poland,51.77947,20.07666,#2f6dae,8/2/2016,Female
Indonesia,-7.2304,108.3768,#d3b402,2/15/2017,Female
Philippines,8.1551,122.9311,#aa8ed7,1/9/2017,Male
Greece,40.96148,24.51132,#34676a,2/4/2017,Female
Philippines,7.37035,124.26973,#61cdf9,7/16/2016,Female
Iran,37.0397,45.0983,#9128ab,2/21/2017,Male
China,30.93902,94.68908,#cf0587,2/12/2017,Female
Brazil,-4.88278,-66.89583,#b35dcd,1/23/2017,Female
Iran,36.6736,48.4787,#399887,3/1/2017,Male
Indonesia,-6.8337,111.891,#77c2ea,10/29/2016,Female
Vietnam,21.47679,106.12653,#bcabf5,7/11/2016,Male
China,23.38121,113.20744,#bc0fb7,2/20/2017,Female
Russia,46.9748,40.0402,#0c3572,7/23/2016,Female
France,45.7485,4.8467,#978a52,12/27/2016,Male
China,42.75946,127.8006,#dff1c2,7/5/2016,Female
China,31.78473,121.63335,#a84508,7/27/2016,Male
Philippines,14.44426,120.90164,#a73197,4/23/2017,Female
Russia,59.80083,30.54778,#165631,12/8/2016,Female
Russia,44.39333,41.52056,#70e7d9,2/23/2017,Male
South Africa,-32.16422,25.61918,#4f4904,6/1/2017,Male
Afghanistan,34.91914,71.09863,#b325fe,11/29/2016,Female
Madagascar,-18.43333,46.56667,#b2f812,3/21/2017,Female
Venezuela,9.90999,-65.67405,#1c77b4,12/9/2016,Male
China,38.76829,76.31012,#a57ba4,12/26/2016,Male
China,25.32172,113.73966,#f03fd2,12/9/2016,Male
Germany,50.8213,12.884,#b6fd68,4/20/2017,Male
Thailand,12.97122,101.21463,#e43f15,4/15/2017,Female
Kyrgyzstan,42.64944,77.08225,#8ff37f,10/29/2016,Male
Colombia,7.03083,-74.53333,#a31f0a,11/24/2016,Male
Mexico,26.0148,-101.6512,#753047,4/14/2017,Male
Japan,39.28333,141.11667,#8c071a,10/8/2016,Male
Indonesia,-6.7547,111.0823,#cc89b8,10/2/2016,Male
France,42.6976,2.8954,#87f3fb,3/3/2017,Male
Poland,53.76827,18.11367,#53fd74,12/1/2016,Male
United States,28.1147,-82.3678,#c8211c,8/6/2016,Female
Kazakhstan,49.98197,72.60761,#86c9cb,5/1/2017,Female
China,26.70556,119.37444,#56e375,9/15/2016,Female
Bolivia,-17.10916,-63.59514,#31cf11,2/5/2017,Female
Russia,43.31172,45.15939,#35047d,9/7/2016,Female
Netherlands,52.3358,5.2192,#401866,7/4/2016,Female
Portugal,,,#433a7d,8/25/2016,Female
Japan,43.80306,143.89083,#e310ed,6/14/2016,Female
Portugal,,,#080a80,4/30/2017,Female
United States,45.0159,-93.4719,#bd772b,6/30/2016,Female
China,22.19043,112.71766,#cda60f,8/29/2016,Male
Peru,-14.04833,-73.60972,#c20655,2/8/2017,Male
Russia,47.04737,142.05048,#9917ef,5/31/2017,Male
Vietnam,22.43082,105.99687,#7fdb86,5/9/2017,Female
Benin,11.13417,2.93861,#62b458,7/2/2016,Female
France,46.95,4.3,#383043,7/28/2016,Female
Portugal,39.8833,-8.3887,#364da9,6/7/2017,Female
Indonesia,-6.9,109.08333,#9f6a5b,8/3/2016,Female
Philippines,15.6783,121.1319,#e5db77,7/14/2016,Female
China,28.43198,109.56555,#10cbcf,6/24/2016,Male
Indonesia,-7.34307,108.16434,#a3f2df,3/1/2017,Male
Thailand,16.03972,104.66939,#be09e0,10/8/2016,Female
Kyrgyzstan,42.49068,78.39362,#894a9a,6/7/2017,Female
China,39.12703,117.21618,#f79e43,6/27/2016,Male
Indonesia,-8.4076,120.6293,#32cbf7,8/9/2016,Male
Philippines,5.975,120.949,#aadbdb,10/25/2016,Female
Indonesia,-8.2933,111.629,#96d813,7/19/2016,Female
Indonesia,-6.7358,105.8433,#05ee9c,1/31/2017,Female
Indonesia,-7.1332,113.53472,#2b5b5f,11/24/2016,Female
Indonesia,-8.40003,114.26661,#ca1363,10/4/2016,Female
Brazil,-19.68278,-44.89028,#672b34,9/2/2016,Male
Russia,60.72528,114.92778,#4d0e9b,1/22/2017,Male
Russia,46.9748,40.0402,#21e10b,5/29/2017,Female
Palestinian Territory,31.80924,35.25902,#99277b,2/16/2017,Female
Russia,57.06028,63.74811,#6e2183,3/17/2017,Female
United Kingdom,53.4898,-2.8764,#b3b215,7/17/2016,Male
Indonesia,-9.7028,119.4717,#3bed02,10/2/2016,Female
Thailand,14.97066,102.10196,#1f160e,3/1/2017,Female
Argentina,-28.76105,-66.05024,#1dc4d8,3/18/2017,Male
Philippines,7.86111,125.75389,#4b9c21,7/7/2016,Female
Philippines,9.93333,123.95,#871939,1/3/2017,Female
China,18.99482,109.6008,#bacf94,10/17/2016,Male
China,29.07541,106.2056,#56f371,8/6/2016,Male
Philippines,4.89833,119.84944,#f85f3d,6/12/2016,Female
China,30.65,113.1,#7b60d6,11/7/2016,Male
China,28.68803,107.9319,#63ba97,9/9/2016,Male
Nigeria,12.62791,9.39119,#e59ffd,5/11/2017,Male
Indonesia,-8.0934,111.9629,#aa1431,12/6/2016,Male
Brazil,-25.87417,-50.38278,#f4e17a,7/17/2016,Female
Czech Republic,50.06049,12.98506,#30c704,10/28/2016,Female
Indonesia,-8.83126,121.05243,#9b34a1,7/25/2016,Male
Philippines,7.16917,125.37278,#8f5a14,11/15/2016,Female
Pakistan,31.58417,73.68778,#cdaaa6,6/23/2016,Female
Portugal,39.7667,-8.1833,#34833e,1/7/2017,Female
Russia,54.23444,90.83278,#06ce4e,10/3/2016,Male
Sweden,57.7815,14.1562,#5793bd,4/4/2017,Female
United States,42.7325,-84.5587,#17da0e,3/6/2017,Male
Russia,58.32889,44.76406,#f4704d,3/21/2017,Female
Russia,47.6,39.7,#1071bd,4/15/2017,Male
Indonesia,-1.5251,101.2734,#d8fc11,3/9/2017,Female
Morocco,30.49238,-9.6355,#f9d458,2/11/2017,Male
Greece,40.58779,23.0315,#b26d36,1/25/2017,Female
China,46.97719,124.91041,#1cb759,7/14/2016,Female
Palestinian Territory,32.0837,35.18079,#73ab48,12/15/2016,Female
Russia,51.3223,42.7678,#e451ed,9/23/2016,Female
China,36.72444,101.18667,#0595f7,2/1/2017,Male
Kazakhstan,45.05053,64.98395,#0811e8,4/3/2017,Male
Georgia,42.13181,44.77264,#e6feab,1/10/2017,Female
Russia,51.29667,37.84167,#40dd51,7/28/2016,Male
Portugal,41.3238,-8.5119,#877c08,5/25/2017,Male
China,31.60157,118.5293,#385f03,1/28/2017,Male
China,25.91675,118.77934,#3782d7,2/9/2017,Female
China,23.69906,117.42511,#b16007,8/20/2016,Male
Ethiopia,8.91667,38.61667,#411325,11/25/2016,Male
Argentina,-34.60071,-58.56424,#424ecc,2/20/2017,Male
Malaysia,3.1071,101.6083,#ff3ed0,4/29/2017,Male
Indonesia,-10.1371,123.669,#c0b807,6/7/2017,Female
Kazakhstan,50.05494,72.96464,#9ff003,9/6/2016,Female
China,26.44901,117.69027,#7740f2,1/23/2017,Male
Russia,55.1477,37.47728,#ce6ef1,11/6/2016,Female
Argentina,-32.89084,-68.82717,#c885a6,7/7/2016,Male
China,26.52803,116.10259,#f66723,11/4/2016,Male
Pakistan,36.3163,74.6786,#e17bd4,7/2/2016,Male
China,25.93361,111.95028,#b39c44,2/14/2017,Male
China,28.43198,109.56555,#aa9302,9/12/2016,Male
Mexico,24.2143,-98.6163,#c2b3d2,11/4/2016,Male
Greece,38.14846,22.35426,#692c16,11/3/2016,Female
China,28.13042,115.19035,#80e409,12/14/2016,Male
China,38.0918,111.80721,#ceb1a8,5/1/2017,Female
Argentina,-31.23073,-64.31615,#07febf,1/16/2017,Male
Sweden,59.7256,17.7875,#27270f,3/6/2017,Male
Russia,62.91713,34.45689,#e0037f,6/29/2016,Female
United States,37.6379,-97.2613,#a46709,7/24/2016,Female
Mexico,16.1394,-97.0494,#c9b209,6/20/2016,Female
Kosovo,42.55528,20.76333,#67fa0b,7/11/2016,Female
France,43.6043,1.4437,#29b19c,4/21/2017,Male
Indonesia,-8.3222,114.1946,#ac14df,5/16/2017,Male
Argentina,-28.83646,-59.00476,#69fe3d,4/7/2017,Female
China,40.12607,94.66382,#22a2a1,8/12/2016,Female
Brazil,-21.89222,-45.59528,#75f6cc,10/27/2016,Male
China,49.40789,129.51376,#d409ec,8/13/2016,Male
Angola,-8.83682,13.23432,#e4499f,12/11/2016,Female
Czech Republic,48.8986,14.64227,#b1ac54,7/11/2016,Female
Indonesia,-10.7949,122.9617,#6d75cc,9/24/2016,Male
South Africa,-32.16422,25.61918,#c5f8f8,8/29/2016,Female
Thailand,13.59072,100.10748,#8ea9de,8/22/2016,Female
Czech Republic,50.54034,14.54023,#71942c,7/10/2016,Female
China,38.1825,114.89778,#e8b2ac,3/4/2017,Male
United States,34.1073,-118.2266,#9bb8c2,4/8/2017,Male
Brazil,-3.29417,-45.17361,#1d0894,5/16/2017,Female
China,22.7221,112.91207,#8c9afa,9/1/2016,Male
United States,38.9381,-77.086,#24222e,10/29/2016,Female
Indonesia,1.39132,125.03436,#8f786a,2/11/2017,Male
Tanzania,-4,33.7,#5c8e90,10/29/2016,Male
Colombia,3.53944,-76.30361,#177d77,2/8/2017,Male
Indonesia,-6.7406,111.0331,#7ed3ce,10/29/2016,Male
China,24.91809,114.1304,#6cda93,4/16/2017,Male
Jordan,31.15889,35.69278,#5c8c17,11/4/2016,Female
Slovenia,46.38167,15.29583,#69c76e,1/17/2017,Male
Comoros,-12.22972,44.48167,#1b63f2,9/30/2016,Male
China,29.02224,115.74111,#22a4d8,3/15/2017,Female
Albania,42.045,19.57472,#0b9624,6/28/2016,Male
Kyrgyzstan,42.49068,78.39362,#636ff3,12/3/2016,Male
China,31.35639,108.67045,#8d350e,5/23/2017,Female
Brazil,-9.18306,-38.26889,#fb2a26,8/27/2016,Female
Italy,43.5942,13.5034,#d5a516,1/13/2017,Male
Brazil,-4.23116,-69.93858,#f70af7,11/26/2016,Male
Brazil,-22.07444,-48.74028,#be6541,6/30/2016,Male
Ireland,53.00833,-6.11139,#5968b2,7/12/2016,Female
Philippines,15.5166,120.7098,#8facdf,6/29/2016,Female
China,23.71352,108.17093,#789fcd,4/2/2017,Female
Mongolia,45.72727,112.35563,#59130d,9/16/2016,Female
Panama,9.2281,-78.02778,#99c1e3,4/2/2017,Female
Kazakhstan,52.44772,61.74942,#e3e6e7,7/15/2016,Male
Portugal,39.4167,-8.8,#5880c7,12/30/2016,Female
Somalia,8.47738,47.35971,#fca601,1/4/2017,Male
Nigeria,7.63333,4.18333,#fb4a17,2/25/2017,Female
Poland,49.99533,22.64763,#938ee0,7/21/2016,Male
Japan,36.11667,139.96667,#767ebf,9/23/2016,Male
Indonesia,-9.8781,124.6683,#162930,11/27/2016,Female
China,26.62741,115.96935,#e05a01,5/8/2017,Female
Bosnia and Herzegovina,44.61191,17.98552,#20ad29,8/17/2016,Female
Poland,51.48053,14.95188,#6689cb,4/27/2017,Male
Canada,53.10013,-113.4687,#09f4d3,1/3/2017,Male
Guatemala,14.81972,-90.90639,#8d9d5c,3/13/2017,Male
France,48.7732,2.0191,#426be4,6/1/2017,Female
Czech Republic,49.60785,15.58069,#f615b3,2/23/2017,Female
Russia,53.97164,38.53186,#a49ec2,12/21/2016,Male
Argentina,-40.04811,-70.0741,#e8fb0c,11/5/2016,Male
Indonesia,-6.8487,108.6422,#70afc8,11/21/2016,Female
Brazil,-22.97889,-49.87056,#120926,4/25/2017,Female
Russia,55.0881,82.6551,#14f5ba,11/14/2016,Male
Afghanistan,33.30294,62.1474,#55a7a0,12/28/2016,Female
Norway,58.8897,5.7466,#562421,3/3/2017,Female
Czech Republic,49.75639,18.01581,#d6314e,5/27/2017,Male
China,27.608,119.17126,#cd6fd1,1/9/2017,Female
China,28.98333,110.66667,#0cbcf3,7/13/2016,Male
Peru,-14.51972,-75.20139,#18485f,11/7/2016,Male
Argentina,-28.50918,-59.04009,#4f11ad,9/24/2016,Female
United States,32.7673,-96.7776,#95ecb6,6/12/2016,Male
Japan,35.88333,139.63333,#2567e6,8/18/2016,Female
Philippines,8.80111,117.85944,#8bb82c,9/1/2016,Female
China,28.4441,114.98496,#1ce5ba,4/12/2017,Female
Poland,52.04072,18.91786,#52bb65,11/21/2016,Male
Indonesia,-9.77418,124.47492,#165ec7,2/12/2017,Female
Nigeria,5.2004,7.98475,#9dd888,3/9/2017,Female
China,40.79661,120.73819,#761261,10/7/2016,Female
Poland,52.12717,19.00257,#beb96a,3/17/2017,Female
Colombia,3.54625,-73.70687,#fdcbfc,6/9/2017,Male
China,28.37543,120.83479,#8aa372,5/17/2017,Female
Czech Republic,49.19042,16.72084,#a2d5fc,5/26/2017,Female
South Korea,36.12176,128.11981,#8932fa,8/2/2016,Female
France,48.9836,2.5256,#16a2d2,1/25/2017,Male
South Africa,-33.36889,19.31096,#8c4e7d,11/24/2016,Male
Colombia,4.33646,-74.36378,#048156,12/21/2016,Female
Philippines,13.7351,124.1064,#2f865c,11/13/2016,Female
Syria,35.29193,36.74848,#7f9a91,5/23/2017,Female
China,40.16265,112.34618,#9cb8c2,3/25/2017,Male
Czech Republic,50.10964,14.0698,#4c3cb7,2/18/2017,Male
Azerbaijan,40.42639,49.98361,#cf044e,9/9/2016,Male
Mongolia,48.31667,95.11667,#8770f6,12/27/2016,Male
Togo,6.42611,1.21333,#a892ca,10/20/2016,Male
China,30.73695,112.20075,#d7fc2e,4/3/2017,Male
Brazil,-11.6725,-61.19361,#99a38d,10/19/2016,Female
Nigeria,12.05738,8.27313,#07deae,1/8/2017,Male
Russia,45.04616,38.79491,#2e07f1,2/14/2017,Male
Indonesia,-6.9993,112.5636,#c14a98,10/7/2016,Female
China,29.7151,116.33223,#48dc49,10/22/2016,Male
Honduras,14.25,-87.95,#6ca94e,9/10/2016,Male
China,32.87682,110.62802,#c7c14a,12/19/2016,Female
Indonesia,-7.1309,108.1785,#1fc17a,7/2/2016,Female
Philippines,10.95,124.7,#06abb9,10/26/2016,Female
Portugal,40.4167,-8.7333,#90d1c9,8/23/2016,Female
Portugal,39.4377,-9.0796,#25eee2,5/15/2017,Male
Indonesia,-6.9562,111.907,#7ba19c,1/30/2017,Female
China,31.48474,119.88457,#8044e7,10/9/2016,Female
Brazil,-22.53611,-55.72556,#32b9e4,9/17/2016,Female
Philippines,14.9405,120.6011,#278cb2,1/28/2017,Female
Colombia,1.41814,-77.39678,#2f841c,5/18/2017,Male
Luxembourg,49.53611,5.89306,#8f9443,7/6/2016,Male
Vietnam,21.01951,105.93694,#7f98a7,7/5/2016,Female
Finland,62.53333,29.36667,#54eea1,1/11/2017,Male
Nicaragua,12.51667,-86.28333,#288c85,10/7/2016,Male
Indonesia,-8.2151,124.5458,#aa4c8e,4/2/2017,Female
Portugal,39.4747,-8.196,#791fa8,5/12/2017,Female
Philippines,6.56778,124.85056,#aa0cbd,10/19/2016,Male
Philippines,13.6928,123.0596,#009ab6,12/18/2016,Male
Russia,55.7032,61.5498,#2db5b6,3/30/2017,Male
Ireland,53.48722,-6.15194,#f8830c,7/7/2016,Female
China,33.0043,106.90932,#427546,9/15/2016,Male
Poland,50.21971,18.65067,#d8ba60,8/4/2016,Female
China,34.83114,109.14414,#747174,11/3/2016,Male
Portugal,42.0167,-8.5,#090373,12/2/2016,Female
Thailand,17.31597,99.83186,#71e700,3/20/2017,Female
Sweden,60.065,15.9237,#f2874f,8/19/2016,Male
China,36.60056,114.46778,#b98663,9/6/2016,Female
China,46.06541,129.1252,#a6db24,7/1/2016,Male
Peru,-9.33333,-77.23333,#01a39b,8/29/2016,Female
Thailand,16.10864,102.25808,#a57817,10/8/2016,Male
Portugal,42.0133,-8.47,#249543,1/26/2017,Male
South Africa,-26.1844,27.70203,#ce58cc,12/15/2016,Male
Indonesia,-6.8667,111.6553,#7b2292,5/11/2017,Female
Portugal,41.5396,-8.3688,#5f83fa,12/21/2016,Male
Cuba,22.15021,-79.97867,#5cd915,1/23/2017,Male
Indonesia,-0.46448,100.52817,#f292f9,6/13/2016,Female
Russia,50.75,86.15,#4a9af7,11/17/2016,Male
China,29.32175,117.15026,#a15d6b,5/30/2017,Female
Brazil,-2.69795,-59.70172,#e410d0,8/15/2016,Male
Indonesia,-7.0793,107.9131,#5c79d3,2/25/2017,Male
China,29.64833,112.08196,#6876f9,10/8/2016,Male
China,47.3176,126.48939,#f5c931,6/18/2016,Female
Canada,48.10749,-66.128,#b254df,1/2/2017,Male
Belarus,51.7905,24.074,#910709,9/23/2016,Female
Iran,33.49714,49.05777,#287c5c,11/17/2016,Female
Philippines,6.67861,124.72333,#efcb5f,10/26/2016,Female
Albania,40.85139,20.725,#1b1dd6,9/20/2016,Female
Ukraine,51.8126,26.12902,#0304e4,2/11/2017,Male
Argentina,-27.4338,-65.61427,#fb37d7,6/5/2017,Female
Russia,59.5974,54.3147,#a61bc2,12/4/2016,Male
Philippines,17.2667,120.7355,#7dc368,11/18/2016,Male
Sweden,59.3793,13.5036,#736dae,6/13/2016,Female
Hungary,47.95,21.7167,#b8c83a,1/26/2017,Male
Ukraine,49.83348,36.54771,#e6f312,6/23/2016,Male
Czech Republic,48.75897,16.88203,#f7d7b6,1/17/2017,Female
United States,41.3657,-72.9275,#324849,7/1/2016,Female
Macedonia,41.36889,21.24889,#8a73ce,4/17/2017,Male
Morocco,35.19321,-6.15572,#352255,5/11/2017,Female
Philippines,8.77528,124.80222,#8187b0,10/15/2016,Female
Brazil,-24.65028,-50.85056,#2fb774,10/12/2016,Female
Canada,45.6168,-75.01599,#ef599c,9/6/2016,Male
Indonesia,-8.0344,113.7806,#361731,11/15/2016,Female
France,43.9016,1.8969,#c15d42,7/12/2016,Female
Russia,54.48147,53.47103,#069017,2/21/2017,Female
Argentina,-32.97963,-68.78461,#7d7097,3/9/2017,Female
Palestinian Territory,31.96687,34.99425,#de148c,12/15/2016,Male
Canada,44.98345,-64.89879,#7aaaa0,2/26/2017,Female
Greece,37.3,22.5,#fc2986,6/22/2016,Male
Indonesia,-6.9609,111.4195,#d0dba3,8/22/2016,Female
Spain,42.2328,-8.7226,#c3d6bc,12/6/2016,Male
France,46.3333,2.6,#a24063,4/22/2017,Male
Dominican Republic,18.73172,-70.93916,#55a2be,1/27/2017,Male
Philippines,11.712,122.2922,#6c49a4,2/28/2017,Male
United States,33.7629,-84.4226,#a15299,10/8/2016,Female
China,30.62421,120.71561,#2104c1,7/7/2016,Male
Mongolia,47.83333,104.5,#d3a910,12/13/2016,Female
Russia,49.00135,132.46826,#5cf399,12/22/2016,Female
South Africa,-26.152,26.15968,#35593e,6/26/2016,Male
Indonesia,-7.35111,112.75139,#c12baa,2/26/2017,Female
Venezuela,8.03125,-72.26053,#8c755d,4/2/2017,Female
Indonesia,-8.5425,118.247,#ea4dbd,7/1/2016,Female
China,33.96348,112.60356,#1ed6ad,3/13/2017,Female
Zimbabwe,-19.45,29.81667,#3bc0ff,10/29/2016,Male
Poland,49.70489,20.86844,#461d90,1/5/2017,Male
Ukraine,48.43661,33.91618,#957f09,9/12/2016,Female
Russia,54.334,32.4465,#6a1115,7/2/2016,Female
China,41.7994,124.09491,#58b330,3/2/2017,Female
Indonesia,-6.9866,113.8753,#750742,5/10/2017,Male
Myanmar,19.745,96.12972,#2f1065,1/5/2017,Male
Thailand,15.46063,99.89166,#20000c,9/27/2016,Male
Russia,64.00189,44.44513,#0aaeae,3/9/2017,Female
China,34.06219,107.31266,#1daa78,2/10/2017,Male
Thailand,13.66744,100.64206,#d5e0e0,2/24/2017,Female
China,34.63768,109.29512,#46f5a2,7/9/2016,Male
Indonesia,-6.9706,111.4307,#bd0c4c,3/20/2017,Male
Yemen,17.39713,43.47743,#b2a8a5,11/6/2016,Male
Canada,49.23298,-121.76926,#b8d70b,7/31/2016,Female
Brazil,-15.53722,-47.33444,#ad591f,3/22/2017,Female
Tunisia,36.17424,8.70486,#8d835a,1/29/2017,Male
Philippines,6.92306,125.77583,#0fc2da,2/21/2017,Male
Kosovo,42.54667,20.34667,#1bed5e,3/20/2017,Female
Peru,-14.26667,-69.2,#2bda3f,10/6/2016,Male
Laos,19.25756,101.71032,#4be6cc,10/18/2016,Female
Sweden,57.6467,11.9294,#b4f882,5/7/2017,Female
China,31.30408,120.62968,#6466cf,7/11/2016,Male
Indonesia,-7.206,108.5359,#020807,11/22/2016,Male
China,32.28998,105.51326,#be6552,12/12/2016,Male
China,29.90478,115.0822,#83ffd3,4/1/2017,Male
Indonesia,-8.8469,121.6521,#137458,7/7/2016,Male
Montenegro,42.49722,18.65806,#efebee,10/13/2016,Female
Norway,59.8333,10.4372,#7484da,5/12/2017,Male
Ukraine,47.01254,29.67171,#9ce985,1/28/2017,Female
Portugal,41.2813,-7.6965,#697f2c,8/28/2016,Male
Estonia,59.39697,27.76331,#46f22b,8/28/2016,Male
Philippines,10.5018,122.8289,#32715f,12/2/2016,Female
Comoros,-12.195,44.46472,#0f3804,1/24/2017,Male
Russia,58.2839,57.725,#d915bd,4/9/2017,Male
Peru,-16.60333,-72.72639,#422d6c,10/8/2016,Female
France,47.2173,-1.5534,#261b08,1/22/2017,Female
Portugal,39.05,-9,#ed429d,3/13/2017,Female
Tanzania,-2.68333,33,#e3b735,3/31/2017,Male
Moldova,46.94306,28.77778,#ebfffa,2/15/2017,Male
China,23.29243,116.65444,#a0aa47,12/15/2016,Male
Hungary,47.6076,17.7819,#3572ab,11/27/2016,Female
Albania,41.02556,19.72389,#11e046,8/7/2016,Male
Colombia,9.24202,-74.75467,#7a8172,10/30/2016,Male
Indonesia,-7.0943,108.6575,#46eb9b,1/5/2017,Male
China,33.62672,113.22712,#562afb,11/21/2016,Female
Ecuador,-1.80217,-79.53443,#769f6f,9/29/2016,Female
Greece,37.30895,26.54723,#9b32a2,9/2/2016,Male
United Kingdom,53.3444,-1.7395,#61292b,5/30/2017,Male
Poland,50.03608,18.76225,#dad772,3/12/2017,Female
Indonesia,-9.8605,124.2901,#68cb47,2/16/2017,Female
Montenegro,43.03834,19.74758,#3f88a0,6/18/2016,Female
Kazakhstan,42.94196,72.76098,#218365,1/13/2017,Male
Brazil,-29.79972,-51.86444,#73e917,4/23/2017,Female
Mexico,20.9658,-101.5583,#fb8410,11/4/2016,Male
Indonesia,-6.9021,112.0493,#07caa9,8/7/2016,Male
Indonesia,-8.2089,113.5911,#294002,6/29/2016,Female
Netherlands,52.4385,4.8264,#2c5052,4/18/2017,Male
Ukraine,46.97569,30.46998,#2187c0,1/4/2017,Female
China,20.32111,110.34258,#1b6fbd,9/23/2016,Male
France,48.8637,2.3615,#724c57,9/27/2016,Female
Indonesia,-7.3548,107.037,#6ab8bf,8/17/2016,Female
Greece,39.33333,23.01667,#fd58d5,2/19/2017,Male
Ireland,54.45,-8.28333,#759926,2/26/2017,Male
Canada,45.43341,-76.34939,#01cf30,2/22/2017,Male
Indonesia,-8.3078,112.847,#b22f9f,10/8/2016,Male
Portugal,41.3394,-8.6167,#564e00,7/31/2016,Female
China,23.11331,111.6103,#019dd8,6/27/2016,Male
United States,31.6948,-106.3,#5df72b,4/10/2017,Female
Indonesia,-8.6742,115.5523,#1b21c7,2/22/2017,Male
United States,27.7898,-82.7243,#329b30,2/16/2017,Male
Honduras,14.68333,-89.11667,#d7a136,11/13/2016,Male
Canada,49.12402,-66.49243,#4cff29,6/21/2016,Male
Japan,36.46667,140.1,#c4c5df,12/3/2016,Female
Portugal,40.6074,-7.3963,#cbfcb7,5/6/2017,Female
China,39.63784,113.7291,#cf47e9,8/13/2016,Male
Mexico,21.0642,-103.0428,#08859a,5/21/2017,Female
Croatia,45.39611,14.38944,#65bd23,4/5/2017,Female
Vietnam,20.70446,105.32063,#c9cf5f,2/23/2017,Male
China,29.39422,107.87254,#aa79ff,6/12/2016,Female
China,28.63765,120.25756,#b3c8c0,8/2/2016,Male
Russia,54.40685,32.44067,#7df7df,10/27/2016,Female
Namibia,-21.93333,15.83333,#756a73,4/8/2017,Male
Croatia,42.93056,16.89639,#042be1,9/7/2016,Female
Western Sahara,23.68477,-15.95798,#d2e1b8,7/16/2016,Male
Sri Lanka,7.93965,81.00274,#09e373,1/8/2017,Male
China,30.72816,94.37118,#7abaaa,1/31/2017,Male
Russia,54.98358,50.38671,#1de7d3,10/1/2016,Female
Vietnam,12.45789,107.86246,#658f7b,12/22/2016,Male
Ireland,53.38028,-6.26417,#3ddf7b,11/12/2016,Male
Poland,50.76844,17.84652,#1d4cc5,11/1/2016,Male
Indonesia,-6.593,106.0399,#0fde02,3/22/2017,Male
Bolivia,-16.03574,-69.14843,#d3d070,5/19/2017,Female
Honduras,14,-88.35,#e91551,5/6/2017,Female
Yemen,13.69572,44.73137,#3bcff3,11/4/2016,Male
Ukraine,48.63328,38.37804,#adb22b,1/17/2017,Male
China,29.64428,120.27108,#148d32,10/10/2016,Male
Tajikistan,37.49219,69.40356,#e12afe,1/25/2017,Female
Portugal,38.65,-9.0333,#e37ead,6/7/2017,Male
Indonesia,-7.0231,108.4789,#ed2b0e,7/11/2016,Female
Ecuador,0.01674,-77.37924,#117eab,9/17/2016,Female
Iceland,65.07306,-14.01525,#471359,4/6/2017,Male
France,44.889,1.2166,#68d9fb,10/17/2016,Male
China,23.02486,113.74373,#abc7aa,6/27/2016,Male
Japan,35.15,139.06667,#e0d70f,7/3/2016,Female
Indonesia,-7.2066,111.6374,#286a47,12/25/2016,Male
Brazil,-22.85472,-46.31833,#c7cbea,4/24/2017,Female
Sweden,58.5942,16.1826,#30ea01,3/19/2017,Female
Greece,37.40111,22.14222,#b9f81d,7/6/2016,Female
Philippines,10.0533,122.8423,#e637a7,8/31/2016,Male
China,30.22949,118.50385,#cb29fe,3/28/2017,Male
Thailand,15.69476,104.64846,#ff3b02,10/13/2016,Male
Kazakhstan,53.63809,62.69654,#99df2a,2/1/2017,Male
Brazil,-28.20861,-51.52583,#50383b,12/25/2016,Female
China,33.91636,113.06056,#636232,1/26/2017,Female
Peru,-10.41528,-76.23556,#9853e9,6/4/2017,Female
Suriname,5.88333,-56.31667,#7b2045,4/2/2017,Female
Philippines,11.03472,122.94167,#0df423,10/25/2016,Female
China,25.27031,116.85473,#4e479e,11/8/2016,Female
China,39.13039,76.99404,#c055ef,6/29/2016,Male
Czech Republic,49.7447,16.92892,#1deb9c,1/30/2017,Female
China,29.37954,108.64159,#1fab4b,3/7/2017,Female
Mexico,16.214,-93.3369,#c31b1c,11/17/2016,Female
Afghanistan,34.66667,61.06667,#8755d8,7/15/2016,Female
China,37.57208,121.12238,#754e82,3/25/2017,Female
Canada,42.76679,-80.98302,#714916,8/25/2016,Female
Gabon,1.5995,11.57933,#73966a,6/4/2017,Female
United States,26.9668,-81.9545,#fb1dc0,4/13/2017,Male
China,47.72496,130.64093,#cdc92f,6/19/2016,Female
Portugal,41.875,-8.6167,#cf91f7,8/20/2016,Male
China,29.9854,106.73982,#d6c714,3/16/2017,Female
China,39.90583,117.24611,#72e6d5,2/27/2017,Male
Ukraine,49.69585,37.17348,#a1d815,6/27/2016,Female
Indonesia,-7.1354,111.6124,#4c062b,4/27/2017,Female
Argentina,-25.4395,-66.29126,#b36d4d,6/4/2017,Male
Thailand,19.12189,100.81106,#072436,3/4/2017,Female
China,22.71671,113.3366,#95a1e9,11/14/2016,Female
Philippines,7.6325,123.35917,#b6929d,10/16/2016,Male
Philippines,17.40482,121.75155,#2810ed,10/22/2016,Male
China,26.0537,118.77004,#4b33e7,4/11/2017,Female
Malaysia,5.3986,100.4077,#bb9d29,6/9/2017,Female
Indonesia,-8.4298,120.5859,#954e2c,6/19/2016,Male
Belarus,54.7132,27.2886,#c8c3c4,6/11/2016,Male
China,25.47147,119.55728,#18a46e,9/2/2016,Female
Russia,55.38283,39.03233,#7d7f97,4/24/2017,Female
China,23.0564,113.0328,#02cd66,1/15/2017,Male
China,32.74518,111.25927,#17c6d6,5/5/2017,Male
Sweden,63.8284,20.2597,#614c38,4/7/2017,Female
Japan,35.30306,139.30278,#c443b7,5/12/2017,Male
Russia,41.53566,47.42391,#b3b729,7/9/2016,Male
Canada,49.20678,-122.91092,#7f6e29,11/14/2016,Male
Poland,49.84252,19.98207,#20aab7,6/11/2016,Male
China,42.16056,82.63472,#0b377a,5/2/2017,Female
Colombia,5.59902,-75.81976,#17a328,3/9/2017,Male
South Africa,-23.83322,30.16351,#4ec44b,1/5/2017,Female
Philippines,9.9144,124.0919,#c4faf4,10/28/2016,Female
Argentina,-33.45937,-61.4832,#79a73e,5/2/2017,Female
Armenia,40.86039,44.27438,#8c30a5,8/23/2016,Male
Indonesia,-7.3462,108.205,#a2b3d6,5/13/2017,Male
Indonesia,-6.2452,106.0814,#bfaab5,12/31/2016,Female
China,25.42781,118.65731,#2b5b67,10/4/2016,Female
Greece,37.28333,21.81667,#b1f0b2,12/20/2016,Female
Russia,55.668,36.53234,#760799,8/12/2016,Female
Philippines,12.982,123.6492,#f7191a,7/4/2016,Female
Russia,55.21039,34.29508,#0233c4,1/15/2017,Male
Russia,55.67194,38.00778,#889693,5/13/2017,Male
Guadeloupe,16.2422,-61.5343,#736b81,5/5/2017,Male
Czech Republic,49.33697,18.19793,#a06338,3/18/2017,Male
Indonesia,-7.3248,108.7381,#3c9826,8/12/2016,Female
Russia,56.22602,51.06557,#e8e4ff,6/2/2017,Male
Poland,54.80365,18.37352,#7ae104,10/2/2016,Male
Poland,54.46754,18.4881,#2fe5ed,10/22/2016,Female
Russia,57.42972,60.05972,#7ee62e,3/7/2017,Female
Greece,39.00556,21.63778,#d86271,10/15/2016,Female
Ivory Coast,7.38194,-6.47778,#1a8325,5/25/2017,Female
Portugal,41.6333,-8.35,#1dd1f7,2/12/2017,Female
Indonesia,-7.2057,108.152,#9eb036,10/13/2016,Male
China,34.98364,109.75357,#3b8e4b,6/18/2016,Female
Indonesia,-6.8821,111.4806,#fd9560,4/6/2017,Female
Brazil,-3.29972,-60.62056,#65c905,3/3/2017,Male
Cape Verde,16.56667,-24.36667,#1eef49,12/21/2016,Female
Portugal,39.5333,-7.7833,#77207e,10/16/2016,Male
Canada,49.41694,-82.43308,#acba57,7/8/2016,Male
Greece,39.61898,22.35087,#7a35cd,12/19/2016,Male
Brazil,-28.35889,-49.29139,#0ea471,4/11/2017,Female
Sweden,59.3326,18.0649,#9e16f1,11/16/2016,Male
Ireland,52.05,-9.51667,#96919d,1/25/2017,Female
Armenia,40.56496,45.2367,#b88c5e,12/13/2016,Female
Poland,49.92288,18.72697,#34557a,10/26/2016,Female
China,41.35938,126.51296,#260063,7/6/2016,Female
Vietnam,10.30122,106.35701,#2e37ce,4/25/2017,Male
Ukraine,49.79862,23.53336,#e7660b,12/21/2016,Male
South Korea,37.27917,127.4425,#64e2a0,8/30/2016,Male
China,27.95627,116.38282,#29a517,12/8/2016,Female
Indonesia,-6.7919,111.9161,#dcb34c,6/1/2017,Female
Vietnam,20.72464,106.55391,#7d53c8,8/19/2016,Male
Ukraine,48.66961,33.11593,#0d6cc2,12/21/2016,Male
China,24.74636,114.52491,#09d12a,3/25/2017,Female
China,25.19244,118.36319,#711ae7,2/6/2017,Male
Portugal,38.7833,-7.4833,#96be23,4/5/2017,Female
United States,32.8479,-96.974,#081a7f,8/5/2016,Female
China,30.26268,120.44257,#47a626,4/4/2017,Female
Poland,54.48285,17.4862,#9acd18,12/19/2016,Male
Palestinian Territory,32.21431,35.17081,#6d84d9,4/17/2017,Female
Poland,52.14782,21.73739,#735943,3/9/2017,Female
Russia,55.21988,56.13532,#aea488,2/1/2017,Female
China,39.29148,117.31358,#f26a52,4/30/2017,Male
China,27.63188,116.2704,#ca201e,9/18/2016,Male
Sri Lanka,6.7132,79.9026,#ce8a00,7/30/2016,Male
Peru,-11.88982,-75.28571,#4b3a82,1/26/2017,Male
China,29.5362,119.57038,#88f9ea,9/9/2016,Female
Tajikistan,40.64928,69.98472,#153d26,3/6/2017,Male
Nigeria,5.52627,7.48959,#fa74e7,5/29/2017,Male
United Kingdom,55.8651,-4.2576,#94df0e,3/27/2017,Female
Brazil,-2.51389,-66.09167,#40297d,4/5/2017,Female
Guatemala,14.81972,-90.90639,#b458e1,1/16/2017,Male
China,30.71131,113.51418,#fe17b8,4/6/2017,Female
Russia,57.75979,158.68161,#e36911,7/26/2016,Female
Ethiopia,11.91667,37.7,#c312e0,12/26/2016,Female
Japan,34.06667,134.15,#107bee,3/7/2017,Female
Luxembourg,49.65833,6.08222,#00c119,7/28/2016,Female
Cambodia,13.52586,105.9683,#fa3870,2/18/2017,Female
Mongolia,47.49714,96.80311,#deb3aa,7/8/2016,Female
Greece,37.06667,21.63333,#dac3f1,6/17/2016,Female
China,30.89541,112.84217,#5b87e8,6/5/2017,Male
China,25.14515,115.32677,#66e44e,5/2/2017,Male
Cyprus,34.83355,33.58196,#5fb184,10/28/2016,Male
Indonesia,-7.4435,107.2553,#59b6c1,10/13/2016,Female
Russia,55.81838,37.41224,#31074c,10/31/2016,Female
Portugal,37.1101,-8.4337,#21885d,7/18/2016,Male
China,40.43944,113.15361,#ad2d92,4/29/2017,Male
Argentina,-34.47145,-58.50776,#bbc2dd,1/26/2017,Female
Sweden,57.7916,13.4142,#429446,12/2/2016,Male
Russia,55.89429,36.69491,#97ee1c,4/17/2017,Male
Indonesia,-0.38233,109.62098,#9a49a9,4/30/2017,Male
Indonesia,-6.7218,111.4004,#f30d22,10/10/2016,Male
Indonesia,5.19669,96.78446,#7bf025,1/11/2017,Female
China,21.67772,110.98388,#298e99,5/12/2017,Male
Nigeria,5.78917,7.83829,#b855f2,9/2/2016,Female
Philippines,17.60732,121.6767,#a8a810,12/25/2016,Female
Indonesia,-7.7492,113.4952,#f525b4,6/15/2016,Male
United States,47.7161,-122.3004,#ae13fd,12/4/2016,Male
Azerbaijan,39.59621,48.98479,#71787d,6/8/2017,Female
France,48.9833,1.7167,#994438,9/23/2016,Male
France,49.0389,2.077,#ab9872,11/22/2016,Male
Croatia,43.68,16.64972,#89bcd4,6/29/2016,Female
China,21.31681,110.58822,#22aa12,6/28/2016,Female
China,30.77977,109.25641,#3505a9,2/26/2017,Male
Czech Republic,50.72431,15.17108,#c74238,8/19/2016,Male
Mexico,20.4569,-100.7958,#ebb775,4/20/2017,Female
China,29.96841,111.69525,#0e83aa,1/10/2017,Male
Brazil,-19.81,-43.17361,#56a87a,4/18/2017,Male
China,27.6083,103.5271,#5993bc,2/11/2017,Female
Tanzania,-7.43622,37.70337,#cc9cde,9/18/2016,Female
Venezuela,8.00077,-67.39732,#3752ef,9/18/2016,Female
Czech Republic,49.81613,12.88381,#301a47,12/30/2016,Male
Brazil,-20.25694,-47.47667,#4dd6ac,1/10/2017,Male
Iran,38.8915,45.0255,#86204d,6/26/2016,Female
China,39.90338,112.49145,#468815,3/26/2017,Male
Indonesia,-8.0366,111.9029,#2fd02e,12/23/2016,Male
China,32.13538,112.15523,#6cf357,5/19/2017,Male
Indonesia,-8.2234,114.2806,#1054ef,7/4/2016,Female
China,41.73028,125.55639,#92f3d8,12/25/2016,Male
Peru,-14.175,-72.67389,#3d7906,7/26/2016,Female
Palestinian Territory,32.46392,35.21938,#814d34,12/30/2016,Female
Nigeria,12.45167,7.49805,#211d59,4/4/2017,Male
Colombia,8.74798,-75.88143,#a7d383,8/9/2016,Male
Argentina,-28.49609,-63.81609,#000e3b,8/19/2016,Male
China,40.11512,94.60882,#ae6310,2/26/2017,Female
China,38.56082,114.23531,#c9adfa,4/28/2017,Male
Russia,55.61917,89.09111,#32e5e5,4/27/2017,Female
China,23.20712,107.6509,#cbb5d0,6/2/2017,Male
Colombia,5.28393,-75.26016,#b691cc,10/2/2016,Male
Japan,35.28333,136.91667,#b60d91,11/26/2016,Female
Indonesia,-7.537,108.8012,#8bbac5,10/19/2016,Female
Poland,52.13707,21.23589,#66dbc4,7/8/2016,Female
Kenya,0.39361,34.30528,#63aa39,5/9/2017,Female
Brunei,4.60637,114.32476,#4c3229,2/7/2017,Female
Indonesia,-8.1391,117.7714,#f1b78b,9/26/2016,Female
Egypt,28.56191,33.94934,#0e1b8e,11/28/2016,Male
Poland,49.98346,22.41168,#02a960,6/13/2016,Female
Ecuador,-1.48369,-78.00257,#4ce187,9/26/2016,Female
Brazil,-30.51222,-53.49139,#61e34d,5/24/2017,Female
Saudi Arabia,25.41667,49.66667,#ab2673,8/10/2016,Male
Czech Republic,49.21667,17.51667,#22c290,6/23/2016,Female
Thailand,15.79408,104.1451,#4a2a0c,9/21/2016,Female
Indonesia,-8.2123,123.7261,#d471b6,9/19/2016,Male
Canada,42.77361,-81.18038,#a9ab86,9/16/2016,Female
Indonesia,-9.7724,124.6575,#b8fd06,4/7/2017,Female
France,43.2333,0.0833,#69a470,6/21/2016,Male
Indonesia,-7.3532,108.01,#6e16b6,9/1/2016,Female
United States,36.1866,-86.7852,#929f80,1/16/2017,Male
United States,39.7495,-89.606,#7a0490,10/22/2016,Male
Thailand,13.46804,101.09532,#a7832e,10/26/2016,Female
Ukraine,48.67935,38.08902,#35e80a,3/21/2017,Male
Indonesia,-6.7218,111.053,#654468,2/17/2017,Male
France,45.7485,4.8467,#f08e26,1/6/2017,Female
France,43.8333,4.35,#4bea11,7/22/2016,Male
Thailand,19.03193,98.28767,#fadb32,10/8/2016,Male
Croatia,45.40944,13.96667,#3a4293,4/27/2017,Female
Sweden,60.1496,15.1878,#b9988e,1/25/2017,Male
China,29.82833,110.42306,#4a5e13,7/23/2016,Male
Portugal,41.2833,-8.6833,#9ea1b8,9/18/2016,Male
Zambia,-17.84194,25.85425,#b9aa28,8/21/2016,Female
Serbia,45.3554,20.82987,#bfca26,4/17/2017,Female
Sweden,63.9068,19.7571,#c157c3,10/6/2016,Male
Tanzania,-7.63369,39.05818,#a88b27,7/27/2016,Female
Comoros,-11.42111,43.28889,#add157,9/8/2016,Male
Indonesia,-6.9126,111.6755,#74dfe7,8/12/2016,Female
Syria,35.78668,36.4726,#3d7645,5/9/2017,Female
Ireland,53.00833,-6.11139,#724110,7/25/2016,Male
Azerbaijan,40.51902,47.65423,#61ee2b,4/28/2017,Male
Brazil,-20.32972,-40.2925,#c45527,12/27/2016,Male
Poland,52.47138,20.72923,#682c03,5/14/2017,Female
China,24.3883,102.55197,#1be6ff,11/27/2016,Male
China,33.3,100.4,#926c83,1/28/2017,Female
China,29.00488,111.73549,#921415,5/29/2017,Female
Vietnam,10.65744,106.18081,#6c7b1e,6/25/2016,Male
Philippines,8.1481,123.8405,#e7c773,11/13/2016,Male
Russia,54.00513,37.52194,#529fb4,12/3/2016,Female
Philippines,13.753,122.9658,#14c333,4/25/2017,Male
Egypt,31.32977,31.71507,#477898,7/31/2016,Female
Mexico,19.3625,-102.0894,#1a66e2,6/11/2016,Female
Lithuania,56.31667,22.33333,#51bbb5,12/22/2016,Female
Sri Lanka,6.8714,81.3487,#7093e7,1/16/2017,Female
Indonesia,-7.3216,112.7787,#5ffbf9,11/18/2016,Male
Indonesia,-7.1549,107.9883,#816710,6/11/2016,Female
Kazakhstan,53.08382,70.31379,#a7e0ce,4/26/2017,Female
China,26.11381,118.8131,#4a8095,7/6/2016,Male
Iran,32.2064,49.4437,#8600d5,8/10/2016,Male
Ireland,52.99056,-6.08528,#fc07d5,7/15/2016,Female
Colombia,5.51972,-72.8875,#2db153,3/11/2017,Female
Vietnam,10.44559,105.38622,#078399,8/27/2016,Male
Latvia,56.98639,24.29917,#7d2bd6,10/24/2016,Male
North Korea,38.79861,125.79194,#de1f0f,9/7/2016,Female
Philippines,14.08804,121.06127,#2d8c05,9/5/2016,Male
Colombia,4.9218,-75.06232,#2d962f,10/10/2016,Female
Indonesia,-2.199,137.0013,#823917,3/7/2017,Female
China,34.95726,108.86648,#0237d4,8/21/2016,Female
France,50.293,2.7819,#8f0693,3/14/2017,Male
Morocco,29.72449,-8.9747,#45b741,7/27/2016,Female
France,49.1495,6.1491,#c92f11,4/15/2017,Female
Sweden,57.7072,11.9668,#c6c9b5,6/29/2016,Male
China,27.01969,114.36506,#b77033,11/23/2016,Male
Philippines,7.04806,124.61944,#523c62,12/30/2016,Male
Russia,53.153,103.7714,#47fd2c,5/13/2017,Male
Indonesia,-8.2537,112.838,#dd1dfd,12/17/2016,Female
Indonesia,-6.8396,111.5043,#2f597b,1/13/2017,Female
Indonesia,-7.3858,108.4941,#6b3b16,4/20/2017,Male
Panama,8.5,-80.38333,#aaa19e,1/16/2017,Male
Armenia,40.7942,43.84528,#3a423d,1/8/2017,Female
Indonesia,2.9392,98.6107,#5a9026,9/15/2016,Female
China,48.71603,128.94221,#4f94a6,8/20/2016,Male
Argentina,-29.11761,-59.65834,#7e0f9a,11/21/2016,Female
Indonesia,-9.5528,119.0195,#1d7386,12/8/2016,Female
Venezuela,9.47855,-66.97458,#28d26f,3/17/2017,Female
Panama,7.76667,-80.28333,#ba4804,11/13/2016,Male
Albania,42.16056,20.19194,#ecbfac,2/27/2017,Male
France,43.5987,7.0043,#6c6ce0,8/10/2016,Female
Bolivia,-20.45967,-66.82503,#5b2230,9/3/2016,Male
China,35.26056,117.9675,#18437b,3/4/2017,Male
Portugal,39.7862,-8.7191,#602444,3/26/2017,Male
Colombia,5.06692,-74.59499,#803b48,11/15/2016,Male
United States,32.7714,-97.2915,#c20964,7/9/2016,Male
Colombia,0.88283,-77.70103,#fbc944,3/6/2017,Female
United States,36.1499,-95.7923,#8f2782,12/12/2016,Female
Philippines,10.95,124.7,#66dcaa,4/20/2017,Male
Peru,-14.21278,-72.19,#27b541,11/11/2016,Female
China,28.58917,112.32833,#f33c66,6/9/2017,Female
Philippines,13.7192,123.6675,#9ce54d,5/28/2017,Female
Taiwan,24.757,121.753,#5a2400,4/23/2017,Male
China,31.10322,119.73497,#68cc68,5/25/2017,Male
Indonesia,-7.7546,114.0625,#19888a,4/21/2017,Male
Peru,-9.3,-74.53333,#ab78e6,4/18/2017,Female
China,20.44849,110.13264,#d4afce,2/10/2017,Male
Czech Republic,49.90411,18.35755,#da62a9,5/21/2017,Male
Kazakhstan,43.16667,70.46667,#91bda1,3/21/2017,Female
China,26.47265,119.00392,#9af3a1,2/24/2017,Male
Mongolia,43.78336,104.48067,#d4a298,7/20/2016,Female
Kosovo,42.33083,20.72694,#1956cc,9/27/2016,Male
Brazil,-9.39861,-40.50083,#c30508,10/16/2016,Female
France,48.2667,7.45,#7fb759,5/2/2017,Female
Philippines,12.73889,123.93917,#a7fac3,12/14/2016,Female
Ukraine,48.12207,22.71281,#177083,4/8/2017,Male
Czech Republic,49.75603,15.48486,#ce4c5e,3/17/2017,Female
China,27.70178,103.24806,#72ee2b,4/25/2017,Female
Ukraine,48.81207,25.42477,#8fde3c,8/16/2016,Male
Norway,59.6954,10.2993,#8b519b,3/24/2017,Female
Paraguay,-27.15,-56.78333,#887afb,8/27/2016,Female
Indonesia,-6.4968,105.8157,#b72b28,3/24/2017,Female
Albania,42.07806,20.34194,#a7d05d,10/16/2016,Male
Iceland,64.00039,-21.18602,#f7563e,1/7/2017,Male
Yemen,13.57952,44.02091,#0733fc,10/2/2016,Female
Russia,53.27869,35.69055,#2fe4fe,2/21/2017,Male
Brazil,-16.2225,-41.47694,#f7819b,4/6/2017,Male
Niger,13.56271,7.04848,#7f1e45,1/12/2017,Female
Indonesia,-6.9126,111.6755,#a836c0,9/4/2016,Male
Indonesia,-6.7495,111.4495,#7f9e97,2/16/2017,Female
Bulgaria,41.58333,25.13333,#67fae9,5/30/2017,Male
Philippines,9.6531,124.3697,#fe4d2a,4/24/2017,Female
Brazil,-21.77389,-47.08639,#391682,5/17/2017,Male
Czech Republic,49.92721,16.29401,#146035,8/11/2016,Male
Sweden,59.3613,17.9711,#e90789,7/1/2016,Male
Russia,61.1153,29.87535,#e82db2,2/26/2017,Male
Russia,56.31667,36.55,#a90d28,8/8/2016,Female
Germany,48.1738,11.5858,#48d5c4,6/26/2016,Male
Russia,42.71071,130.78126,#b84012,4/27/2017,Female
Philippines,13.6928,123.0596,#8c652f,9/24/2016,Female
Palestinian Territory,32.36935,35.07189,#ac03f7,2/10/2017,Male
Democratic Republic of the Congo,2.15127,21.51672,#3428c9,6/7/2017,Female
Thailand,16.10864,102.25808,#aad0fa,1/26/2017,Male
Bangladesh,22.82257,90.52859,#77ec96,2/19/2017,Female
Syria,36.39535,36.6889,#aad7c8,3/3/2017,Male
China,23.45069,114.00966,#8368df,8/22/2016,Male
China,28.88861,89.66031,#b0afe0,4/16/2017,Male
Indonesia,-7.0023,111.714,#2acbed,8/18/2016,Female
Czech Republic,51.00369,14.45258,#dde007,12/26/2016,Female
Haiti,19.17334,-72.13456,#09548c,3/23/2017,Male
China,33.08362,100.47775,#614b55,9/30/2016,Male
China,31.81665,108.47741,#f3c2a9,2/17/2017,Male
Brazil,-21.34028,-47.72944,#8e266a,12/23/2016,Female
United States,45.9783,-108.1945,#86af54,4/11/2017,Male
China,41.84228,113.14286,#728916,6/12/2016,Female
Sri Lanka,6.1407,80.1012,#5ae56f,7/20/2016,Male
Albania,39.65889,20.18139,#22bcf2,5/7/2017,Male
France,48.8493,2.33,#9bffbf,2/8/2017,Female
Japan,39.71806,140.10333,#70519c,9/18/2016,Female
Latvia,56.55253,26.92449,#c3da7f,11/4/2016,Male
Bosnia and Herzegovina,43.71848,17.22515,#151089,6/12/2016,Male
Panama,8.16667,-80.63333,#999773,8/3/2016,Male
Indonesia,-10.1551,123.836,#fc0bb6,9/17/2016,Female
Mexico,20.51,-97.4014,#28670b,11/15/2016,Female
China,27.23889,119.97702,#2641f6,3/22/2017,Female
Indonesia,-6.4334,105.9098,#b390ec,12/31/2016,Female
Thailand,6.84356,101.17803,#4f735c,5/14/2017,Male
Philippines,13.98255,121.32647,#dec095,12/18/2016,Male
Brazil,-21.53194,-42.64306,#b84004,7/15/2016,Male
China,39.22472,117.74889,#38f0de,9/5/2016,Female
Brazil,-16.46111,-49.96167,#f919a0,2/13/2017,Male
Venezuela,10.43398,-66.87662,#b45552,9/8/2016,Male
Russia,43.49806,43.61889,#abb04c,1/22/2017,Female
Poland,49.67432,20.07992,#85f4e2,7/12/2016,Female
Nepal,28.23417,82.41278,#2dab7b,9/27/2016,Male
Ecuador,-3.99313,-79.20422,#9e5035,7/7/2016,Female
Mongolia,48.23333,91.91667,#177266,1/3/2017,Male
China,48.59794,124.53609,#bca6bf,9/9/2016,Female
China,33.48756,112.44042,#2caf19,12/4/2016,Female
Croatia,45.345,18.46222,#d40822,5/30/2017,Female
Philippines,14.96668,120.61183,#e0a16c,9/20/2016,Male
Russia,54.42766,50.80511,#05492c,6/23/2016,Female
Czech Republic,49.19177,16.77146,#cfe7b2,1/26/2017,Female
Russia,52.68405,41.41752,#68c48e,11/17/2016,Male
Nigeria,5.10658,7.36667,#76b752,6/6/2017,Female
Russia,54.14961,48.38907,#b4054c,11/6/2016,Female
China,28.7,115.38333,#a2243b,6/30/2016,Female
Brazil,-20.31944,-40.33778,#7f9d9a,9/27/2016,Male
Niger,13.95532,7.67122,#66710f,10/6/2016,Female
China,25.42837,103.75455,#dd536e,10/2/2016,Male
Democratic Republic of the Congo,3.65332,18.63566,#03a3fa,12/22/2016,Male
France,45.1487,5.7493,#d39229,2/14/2017,Female
Indonesia,-8.3512,112.7438,#dd6843,4/28/2017,Male
Macedonia,41.99306,21.59111,#2eb05a,10/10/2016,Female
Indonesia,-7.3878,108.8695,#09d491,1/19/2017,Male
Portugal,39.1595,-9.2619,#02a1cb,6/15/2016,Female
China,24.94896,115.74358,#1579bc,5/5/2017,Male
China,29.90989,118.57532,#e0d07f,11/30/2016,Male
China,22.76667,103.25,#5e8fd7,11/7/2016,Female
Poland,49.97971,19.10471,#84bf3a,12/25/2016,Male
Portugal,40.0417,-7.55,#5384e1,11/8/2016,Female
Indonesia,-6.8621,115.2645,#961e51,2/15/2017,Male
Indonesia,-8.2824,125.0434,#4f3e60,10/16/2016,Male
Brazil,-23.08842,-47.2119,#4e3580,2/27/2017,Male
Indonesia,-5.31812,104.74152,#b56206,11/12/2016,Female
Chile,-39.36708,-72.63087,#0cbc8b,8/29/2016,Female
Argentina,-26.40842,-54.69463,#9f5628,10/11/2016,Female
Spain,39.5694,2.6502,#9ce1d4,10/20/2016,Male
Afghanistan,34.30157,62.2465,#282c42,1/19/2017,Male
Brazil,-21.71028,-47.47806,#e88be8,9/17/2016,Female
Argentina,-38.54726,-58.73675,#3ed03b,1/9/2017,Female
Poland,51.72501,23.08743,#04d07f,12/24/2016,Male
Cameroon,6.25,10.26667,#cb6375,8/13/2016,Male
China,29.01573,111.54951,#21dde9,3/16/2017,Female
Liberia,6.53,-10.35167,#fe673b,1/3/2017,Male
Russia,48.22258,135.05966,#5de0a8,7/15/2016,Male
Jamaica,18.00747,-76.78319,#4ded56,1/21/2017,Female
Portugal,40.7667,-8.1,#c92b2a,12/30/2016,Female
Vietnam,17.06836,107.0052,#72748a,6/5/2017,Male
China,36.93333,122.38778,#e5c5b0,12/4/2016,Female
Dominican Republic,18.76278,-69.25681,#874e7d,6/15/2016,Female
Marshall Islands,6.0815,171.73502,#bba3da,4/23/2017,Male
Finland,62.2,22.65,#97dad5,8/11/2016,Male
Russia,51.41945,39.61248,#9ae764,7/23/2016,Male
Guatemala,14.41667,-91.18333,#37f9b6,4/11/2017,Male
Indonesia,-6.9222,112.1412,#f11ec6,6/1/2017,Female
China,28.42259,109.35732,#5cfb4f,10/6/2016,Male
Argentina,-34.72418,-58.25265,#412b48,11/17/2016,Male
China,25.26398,116.41621,#ee68f0,10/23/2016,Male
Russia,55.30333,53.19472,#d7af4f,3/10/2017,Male
Democratic Republic of the Congo,2.14838,27.99466,#96d831,2/13/2017,Female
China,24.8479,103.13447,#ada273,3/26/2017,Female
Indonesia,-8.7955,121.6347,#4d7bf8,10/30/2016,Female
China,38.95462,100.47237,#ec1f73,1/20/2017,Female
Ukraine,46.45135,33.86889,#60eaf2,5/3/2017,Female
China,43.67002,81.5431,#25d78f,5/2/2017,Female
China,30.43067,108.79436,#4ff7cb,8/19/2016,Male
China,44.124,127.53072,#033d18,8/28/2016,Male
Indonesia,-7.50611,109.0625,#5864c0,12/15/2016,Male
France,45.65,0.15,#9995e2,1/28/2017,Female
Poland,49.89154,20.86081,#41f251,6/16/2016,Female
Israel,32.83694,35.40029,#8e81b1,5/9/2017,Male
Czech Republic,50.4244,14.38993,#7644f9,12/12/2016,Female
Mexico,18.0181,-96.1704,#fdf2ab,2/7/2017,Male
Indonesia,-8.2987,113.5076,#5bfbf5,4/5/2017,Female
Philippines,13.7501,121.41492,#93af66,4/7/2017,Male
Bangladesh,25.03858,91.6815,#2ec6ca,11/5/2016,Male
Nigeria,8.23333,4.81667,#68a885,8/1/2016,Male
Hungary,47.5,19.0833,#a8b907,1/14/2017,Male
Mauritania,16.61659,-11.40453,#2a24b2,7/2/2016,Female
Chile,-32.45242,-71.23106,#0d3920,12/2/2016,Female
Philippines,7.50972,124.37139,#bfb30f,9/13/2016,Male
Russia,53.4203,83.521,#9b897c,1/23/2017,Female
Peru,-15.50611,-73.47917,#03030f,10/6/2016,Male
Peru,-14.42139,-72.91194,#ce3f48,8/21/2016,Male
Indonesia,-6.6962,111.0817,#b8e24a,7/21/2016,Female
Indonesia,-8.6136,120.4721,#b910f3,9/3/2016,Male
France,48.6848,2.2049,#54af95,7/1/2016,Male
China,35.16278,112.865,#fcf841,5/30/2017,Male
Ukraine,48.48179,22.8217,#2ef1f3,7/30/2016,Male
Indonesia,-8.3666,112.7135,#1a76d6,4/5/2017,Female
China,30.49776,112.90237,#d9fbc5,6/28/2016,Female
Philippines,9.14028,117.78167,#c126ae,7/13/2016,Male
Belgium,50.4667,4.8667,#d7be6d,1/8/2017,Male
Indonesia,-7.0967,113.6588,#81fb61,1/22/2017,Female
Philippines,16.57588,121.18764,#6d1f0a,2/7/2017,Female
Sweden,59.36,18.0009,#2534b3,3/8/2017,Female
China,34.83477,108.26466,#5a25fc,11/19/2016,Male
China,28.23177,120.99056,#4897bc,3/13/2017,Male
Poland,52.26931,21.90974,#e06801,12/11/2016,Male
